{"_runtime":1231,"SB3 Clip Fraction":0.3733319918314616,"Value Function Update Magnitude":1.8107736110687256,"Policy Reward":0.584570563114095,"Cumulative Model Updates":4089,"Value Function Loss":0.025075965685149033,"Policy Entropy":1.3982646107673644,"Timestep Collection Time":3.041444300000876,"Timesteps Collected":50028,"y_vel":424.1027170160725,"Timestep Consumption Time":4.8258709000001545,"Collected Steps per Second":16448.764161153827,"Total Iteration Time":7.8673152000010305,"Mean KL Divergence":0.055887968341509504,"_wandb":{"runtime":1231},"x_vel":-9.009159825910197,"Overall Steps per Second":6358.967287848522,"_step":363,"Cumulative Timesteps":9102906,"PPO Batch Consumption Time":0.1372409423192342,"z_vel":14.417735543666167,"Policy Update Magnitude":3.1471331119537354,"_timestamp":1.7796742164439774e+09}