{"y_vel":427.6396432869083,"Value Function Update Magnitude":0.769538402557373,"_runtime":63966,"Collected Steps per Second":20919.298326571843,"Cumulative Model Updates":255650,"Timesteps Collected":50026,"Value Function Loss":0.0719804937640826,"Overall Steps per Second":14025.149499079978,"z_vel":15.214778070058335,"Policy Reward":1.7182596747441712,"Policy Update Magnitude":1.1448965072631836,"PPO Batch Consumption Time":0.17029341061909994,"_step":17267,"Timestep Consumption Time":1.1754977999953553,"_wandb":{"runtime":63966},"Mean KL Divergence":0.06188258652885755,"Policy Entropy":1.1094542344411213,"x_vel":-42.03296821089296,"Total Iteration Time":3.566878199999337,"SB3 Clip Fraction":0.16947333017985025,"Timestep Collection Time":2.3913804000039818,"_timestamp":1.7797391297765713e+09,"Cumulative Timesteps":431728252}