{"Policy Entropy":1.4185064673423766,"_timestamp":1.7796732364659445e+09,"Timestep Consumption Time":4.413331100000505,"Value Function Update Magnitude":1.310892939567566,"Timestep Collection Time":2.3908841000011307,"z_vel":15.203616712758667,"_step":135,"y_vel":445.7313076217766,"_runtime":366,"SB3 Clip Fraction":0.5552286545435587,"Policy Update Magnitude":2.1989572048187256,"Overall Steps per Second":7351.913266938996,"Total Iteration Time":6.804215200001636,"x_vel":-17.40187397701942,"_wandb":{"runtime":366},"Timesteps Collected":50024,"Value Function Loss":0.021036737225949766,"Policy Reward":0.3765771731481873,"PPO Batch Consumption Time":0.12395318349202473,"Cumulative Timesteps":3401110,"Collected Steps per Second":20922.80424633563,"Mean KL Divergence":0.22603079676628113,"Cumulative Model Updates":1133}