{"_step":14465,"_timestamp":1.7797265146766312e+09,"Value Function Loss":0.044937804465492566,"Timestep Consumption Time":4.75073670000711,"Cumulative Timesteps":361757732,"PPO Batch Consumption Time":0.13195641040802003,"Policy Update Magnitude":3.6112918853759766,"Policy Reward":2.577825098919745,"Value Function Update Magnitude":3.078518867492676,"Policy Entropy":1.1792308886845906,"Total Iteration Time":7.484945200005313,"Timesteps Collected":50006,"z_vel":16.11387920307794,"y_vel":498.9034972878758,"_wandb":{"runtime":53199},"Cumulative Model Updates":214228,"Overall Steps per Second":6680.877236077093,"SB3 Clip Fraction":0.5485226551691691,"Timestep Collection Time":2.7342084999982035,"Collected Steps per Second":18289.022216130503,"_runtime":53199,"Mean KL Divergence":0.38931320905685424,"x_vel":17.44587595942637}