{
    "cumulative_timesteps": 2067348,
    "cumulative_model_updates": 495,
    "policy_average_reward": 104.84315530669092,
    "epoch": 135,
    "ts_since_last_save": 6034,
    "reward_running_stats": {
        "mean": [
            4.20485167310485
        ],
        "var": [
            2738408.168667189
        ],
        "shape": [
            1
        ],
        "count": 21000
    }
}