{"_step":17261,"Cumulative Model Updates":255704,"SB3 Clip Fraction":0.5338386515776317,"Policy Entropy":1.105181594689687,"Policy Update Magnitude":3.720829725265503,"Total Iteration Time":6.9021907999995165,"Timestep Collection Time":2.520632400002796,"Value Function Loss":0.03684710462888082,"_runtime":63954,"Cumulative Timesteps":431678214,"PPO Batch Consumption Time":0.12226218382517497,"Value Function Update Magnitude":1.9266365766525269,"Overall Steps per Second":7245.525580081545,"z_vel":17.496677951885538,"Mean KL Divergence":0.5343262106180191,"Timesteps Collected":50010,"y_vel":537.86874610472,"x_vel":-11.764067663829398,"_timestamp":1.779739083027189e+09,"_wandb":{"runtime":63954},"Collected Steps per Second":19840.259134947453,"Timestep Consumption Time":4.38155839999672,"Policy Reward":2.3951360861484434}