{"Cumulative Model Updates":4885,"_runtime":1492,"Total Iteration Time":6.797457900000154,"PPO Batch Consumption Time":0.12351210117340088,"Value Function Loss":0.03070214210699002,"Collected Steps per Second":20797.667720998852,"Timesteps Collected":50024,"Cumulative Timesteps":11203670,"Mean KL Divergence":0.07453139051795006,"z_vel":14.220902144168821,"x_vel":-37.844896828882035,"Policy Entropy":1.4026393810908,"y_vel":493.7993507444063,"_timestamp":1.7796745182745523e+09,"_wandb":{"runtime":1492},"Policy Update Magnitude":2.9288864135742188,"Overall Steps per Second":7359.221746706055,"Timestep Consumption Time":4.392188199999509,"Value Function Update Magnitude":1.552336573600769,"_step":447,"Timestep Collection Time":2.4052697000006447,"Policy Reward":0.41109025228009255,"SB3 Clip Fraction":0.40643599033355715}