{"Value Function Update Magnitude":2.0892927646636963,"z_vel":13.742624026255944,"Timestep Consumption Time":4.746815199992852,"Value Function Loss":0.014423355429122845,"Policy Entropy":1.175034523010254,"Mean KL Divergence":0.3102663775285085,"_timestamp":1.7797259351739166e+09,"Timesteps Collected":50028,"Policy Update Magnitude":3.2177627086639404,"Collected Steps per Second":16946.44148099248,"_runtime":52878,"_wandb":{"runtime":52878},"Cumulative Model Updates":213162,"Policy Reward":3.1013390567561694,"SB3 Clip Fraction":0.5148126602172851,"Overall Steps per Second":6498.037898572943,"Cumulative Timesteps":359206964,"x_vel":-6.509534049090942,"PPO Batch Consumption Time":0.1336237589518229,"_step":14363,"y_vel":440.69145945855814,"Total Iteration Time":7.698939399997471,"Timestep Collection Time":2.9521242000046186}