{"Value Function Loss":0.1598373470099076,"Value Function Update Magnitude":1.3921352624893188,"Collected Steps per Second":19515.864861863844,"_runtime":116,"SB3 Clip Fraction":0.22873390563156293,"Timestep Consumption Time":3.632001099998888,"Total Iteration Time":6.195351499998651,"_step":47,"Timesteps Collected":50026,"PPO Batch Consumption Time":0.12832229033760403,"y_vel":407.8312229903437,"Mean KL Divergence":0.01997139094316441,"Cumulative Model Updates":277,"_wandb":{"runtime":116},"Overall Steps per Second":8074.763796696748,"Timestep Collection Time":2.563350399999763,"Cumulative Timesteps":1200408,"Policy Update Magnitude":1.923063039779663,"Policy Entropy":0.7343362595724023,"Policy Reward":0.5842816726288876,"_timestamp":1.779672956209185e+09,"x_vel":7.022328776855733,"z_vel":16.38955688560055}